"Package","Version","Built"
"data.table","1.18.2.1","4.5.0"
"tidyverse","2.0.0","4.5.0"
"mlr3verse","0.3.1","4.5.0"
"mlr3db","0.7.1","4.5.0"
"tictoc","1.2.1","4.5.0"
"patchwork","1.3.1","4.5.0"
"shapviz","0.10.3","4.5.0"
"khroma","1.17.0","4.5.0"
"ggh4x","0.3.1","4.5.0"
"ggside","0.4.1","4.5.0"
"tidytext","0.4.2","4.5.0"
"ggstats","0.9.0","4.5.0"
"duckdb","1.5.1","4.5.0"
"DBI","1.3.0","4.5.0"
"knitr","1.50","4.5.0"
"rmarkdown","2.29","4.5.0"
"ggplot2","4.0.2","4.5.0"
"scales","1.4.0","4.5.0"
"lightgbm","4.6.0","4.5.0"
"mlr3extralearners","1.0.0","4.5.0"
"methods","4.5.0","4.5.0"
"utils","4.5.0","4.5.0"
"stats","4.5.0","4.5.0"
"grDevices","4.5.0","4.5.0"
"graphics","4.5.0","4.5.0"
"broom","1.0.9","4.5.0"
"conflicted","1.2.0","4.5.0"
"cli","3.6.5","4.5.0"
"dbplyr","2.5.0","4.5.0"
"dplyr","1.2.0","4.5.0"
"dtplyr","1.3.1","4.5.0"
"forcats","1.0.0","4.5.0"
"googledrive","2.1.1","4.5.0"
"googlesheets4","1.1.1","4.5.0"
"haven","2.5.4","4.5.0"
"hms","1.1.4","4.5.0"
"httr","1.4.8","4.5.0"
"jsonlite","2.0.0","4.5.0"
"lubridate","1.9.5","4.5.0"
"magrittr","2.0.4","4.5.0"
"modelr","0.1.11","4.5.0"
"pillar","1.11.1","4.5.0"
"purrr","1.2.1","4.5.0"
"ragg","1.4.0","4.5.0"
"readr","2.2.0","4.5.0"
"readxl","1.4.5","4.5.0"
"reprex","2.1.1","4.5.0"
"rlang","1.1.7","4.5.0"
"rstudioapi","0.18.0","4.5.0"
"rvest","1.0.4","4.5.0"
"stringr","1.6.0","4.5.0"
"tibble","3.3.1","4.5.0"
"tidyr","1.3.2","4.5.0"
"xml2","1.5.2","4.5.0"
"backports","1.5.0","4.5.0"
"generics","0.1.4","4.5.0"
"glue","1.8.0","4.5.0"
"lifecycle","1.0.5","4.5.0"
"memoise","2.0.1","4.5.0"
"blob","1.2.4","4.5.0"
"R6","2.6.1","4.5.0"
"tidyselect","1.2.1","4.5.0"
"vctrs","0.7.2","4.5.0"
"withr","3.0.2","4.5.0"
"grid","4.5.0","4.5.0"
"gtable","0.3.6","4.5.0"
"isoband","0.3.0","4.5.0"
"S7","0.2.1","4.5.0"
"gargle","1.5.2","4.5.0"
"uuid","1.2-2","4.5.0"
"cellranger","1.1.0","4.5.0"
"curl","7.0.0","4.5.0"
"ids","1.0.1","4.5.0"
"rematch2","2.1.2","4.5.0"
"cpp11","0.5.3","4.5.0"
"pkgconfig","2.0.3","4.5.0"
"mime","0.13","4.5.0"
"openssl","2.3.5","4.5.0"
"timechange","0.4.0","4.5.0"
"utf8","1.2.6","4.5.0"
"systemfonts","1.2.3","4.5.0"
"textshaping","1.0.0","4.5.0"
"clipr","0.8.0","4.5.0"
"crayon","1.5.3","4.5.0"
"vroom","1.7.0","4.5.0"
"tzdb","0.5.0","4.5.0"
"progress","1.2.3","4.5.0"
"callr","3.7.6","4.5.0"
"fs","1.6.6","4.5.0"
"selectr","0.4-2","4.5.0"
"stringi","1.8.7","4.5.0"
"processx","3.8.6","4.5.0"
"rematch","2.0.0","4.5.0"
"rappdirs","0.3.4","4.5.0"
"evaluate","1.0.5","4.5.0"
"highr","0.11","4.5.0"
"tools","4.5.0","4.5.0"
"xfun","0.54","4.5.0"
"yaml","2.3.12","4.5.0"
"cachem","1.1.0","4.5.0"
"askpass","1.2.1","4.5.0"
"prettyunits","1.2.0","4.5.0"
"bslib","0.9.0","4.5.0"
"fontawesome","0.5.3","4.5.0"
"htmltools","0.5.8.1","4.5.0"
"jquerylib","0.1.4","4.5.0"
"tinytex","0.57","4.5.0"
"farver","2.1.2","4.5.0"
"labeling","0.4.3","4.5.0"
"RColorBrewer","1.1-3","4.5.0"
"viridisLite","0.4.3","4.5.0"
"base64enc","0.1-3","4.5.0"
"bit64","4.6.0-1","4.5.0"
"sys","3.4.3","4.5.0"
"bit","4.6.0","4.5.0"
"fastmap","1.2.0","4.5.0"
"sass","0.4.10","4.5.0"
"digest","0.6.39","4.5.0"
"ps","1.9.1","4.5.0"
"mlr3","1.5.0","4.5.0"
"bbotk","1.9.0","4.5.0"
"mlr3cluster","0.2.0","4.5.0"
"mlr3data","0.9.0","4.5.0"
"mlr3filters","0.9.0","4.5.0"
"mlr3fselect","1.5.1","4.5.0"
"mlr3hyperband","1.0.0","4.5.0"
"mlr3inferr","0.2.1","4.5.0"
"mlr3learners","0.14.0","4.5.0"
"mlr3mbo","1.1.0","4.5.0"
"mlr3misc","0.21.0","4.5.0"
"mlr3pipelines","0.11.0","4.5.0"
"mlr3tuning","1.6.0","4.5.0"
"mlr3tuningspaces","0.6.0","4.5.0"
"mlr3viz","0.11.0","4.5.0"
"paradox","1.0.1","4.5.0"
"checkmate","2.3.4","4.5.0"
"lgr","0.5.2","4.5.0"
"future","1.70.0","4.5.0"
"future.apply","1.20.2","4.5.0"
"mirai","2.6.1","4.5.0"
"mlbench","2.1-8","4.5.0"
"mlr3measures","1.2.0","4.5.0"
"parallelly","1.46.1","4.5.0"
"palmerpenguins","0.1.1","4.5.0"
"cluster","2.1.8.1","4.4.3"
"fpc","2.2-14","4.5.0"
"stabm","1.2.2","4.5.0"
"spacefillr","0.4.0","4.5.0"
"viridis","0.6.5","4.5.0"
"MASS","7.3-65","4.4.3"
"mclust","6.1.2","4.5.0"
"flexmix","2.3-20","4.5.0"
"prabclus","2.3-5","4.5.0"
"class","7.3-23","4.4.2"
"diptest","0.77-2","4.5.0"
"robustbase","0.99-7","4.5.0"
"kernlab","0.9-33","4.5.0"
"parallel","4.5.0","4.5.0"
"globals","0.19.1","4.5.0"
"listenv","0.10.1","4.5.0"
"nanonext","1.8.1","4.5.0"
"PRROC","1.4","4.5.0"
"Rcpp","1.1.1","4.5.0"
"Matrix","1.7-3","4.4.3"
"gridExtra","2.3","4.5.0"
"lattice","0.22-5","4.3.1"
"modeltools","0.2-24","4.5.0"
"nnet","7.3-20","4.4.2"
"stats4","4.5.0","4.5.0"
"codetools","0.2-19","4.2.2"
"compiler","4.5.0","4.5.0"
"DEoptimR","1.1-4","4.5.0"
"ggfittext","0.10.2","4.5.0"
"gggenes","0.5.1","4.5.0"
"ggrepel","0.9.6","4.5.0"
"xgboost","1.7.9.1","4.5.0"
"shades","1.4.0","4.5.0"
"gridtext","0.1.5","4.5.0"
"markdown","2.0","4.5.0"
"png","0.1-8","4.5.0"
"jpeg","0.1-11","4.5.0"
"litedown","0.8","4.5.0"
"commonmark","2.0.0","4.5.0"
"janeaustenr","1.0.0","4.5.0"
"tokenizers","0.3.0","4.5.0"
"SnowballC","0.7.1","4.5.0"
